[Version],
1,
,
[Settings],
AdapterSequenceRead1,CTGTCTCTTATACACATCT
AdapterSequenceRead2,CTGTCTCTTATACACATCT
,
[Index1Sequences],
BC01,ACATTA
BC02,GGTGAG
BC03,CGAAGG
BC04,AAGACA
BC05,TAATCG
BC06,CGCAAC
BC07,AATAGC
BC08,TTAACT
BC09,AATGAA
BC10,GATTGT
BC11,ATAAGA
BC12,GCCACA
BC13,GAACCT
BC14,CGGTTA
BC15,AACGCC
BC16,CAGATG
BC17,GATCAC
BC18,CGCGGA
BC19,CCTAAG
BC20,GGCTGC
BC21,ACCAGT
BC22,GTGCCA
BC23,AGATAG
BC24,TCGAGG
BC25,ACAACG
BC26,GCGCTG
BC27,CAAGCA
BC28,GTTACC
BC29,CTCTCG
BC30,CCAATT
BC31,TTCGAG
BC32,CGTCGC
BC33,TGTGCA
BC34,ACCGTG
BC35,ATACTG
BC36,ATGAAC
BC37,AGTTGA
BC38,GACGAT
BC39,CACACT
BC40,CAGCGT
BC41,TGCTAT
BC42,TCTTAA
BC43,CCGCAA
BC44,CTCCAT
BC45,GTCAGG
BC46,ACGTCT
BC47,GAGTCC
BC48,GACATC
BC49,AGGCAT
BC50,ACCTAC
BC51,TGGATT
BC52,GCAGCC
BC53,CGCCTG
BC54,CCGACC
BC55,TATGTC
BC56,TGACAC
BC57,ACAGAT
BC58,AGACCA
BC59,GCTCGA
BC60,ATGGCG
BC61,GAAGTG
BC62,AGAATC
BC63,GCGAAT
BC64,CGATCT
BC65,CATCTA
BC66,AAGTGG
BC67,TGCACG
BC68,TCGTTC
BC69,ACACGC
BC70,GTAGAA
BC71,AGTACT
BC72,GCATGG
BC73,AACAAG
BC74,AACCGA
BC75,TGGCGA
BC76,CACTAA
BC77,AAGCTC
BC78,TACCTT
BC79,CTAGTC
BC80,AATCCG
BC81,GTGTAG
BC82,ACTCTT
BC83,TCAGGA
BC84,ATTGGT
BC85,TTGGTA
BC86,CAACAG
BC87,CAATGC
BC88,GGAGGT
BC89,CAGGAC
BC90,GGCCAA
BC91,CTCATA
BC92,CCTGCT
BC93,GGTATA
BC94,TTCCGC
BC95,TAGGCT
BC96,ATATCC
,
[DefaultLayout_ByWell],
A01,BC01
A02,BC02
A03,BC03
A04,BC04
A05,BC05
A06,BC06
A07,BC07
A08,BC08
A09,BC09
A10,BC10
A11,BC11
A12,BC12
B01,BC13
B02,BC14
B03,BC15
B04,BC16
B05,BC17
B06,BC18
B07,BC19
B08,BC20
B09,BC21
B10,BC22
B11,BC23
B12,BC24
C01,BC25
C02,BC26
C03,BC27
C04,BC28
C05,BC29
C06,BC30
C07,BC31
C08,BC32
C09,BC33
C10,BC34
C11,BC35
C12,BC36
D01,BC37
D02,BC38
D03,BC39
D04,BC40
D05,BC41
D06,BC42
D07,BC43
D08,BC44
D09,BC45
D10,BC46
D11,BC47
D12,BC48
E01,BC49
E02,BC50
E03,BC51
E04,BC52
E05,BC53
E06,BC54
E07,BC55
E08,BC56
E09,BC57
E10,BC58
E11,BC59
E12,BC60
F01,BC61
F02,BC62
F03,BC63
F04,BC64
F05,BC65
F06,BC66
F07,BC67
F08,BC68
F09,BC69
F10,BC70
F11,BC71
F12,BC72
G01,BC73
G02,BC74
G03,BC75
G04,BC76
G05,BC77
G06,BC78
G07,BC79
G08,BC80
G09,BC81
G10,BC82
G11,BC83
G12,BC84
H01,BC85
H02,BC86
H03,BC87
H04,BC88
H05,BC89
H06,BC90
H07,BC91
H08,BC92
H09,BC93
H10,BC94
H11,BC95
H12,BC96
,
[DefaultLayout_ByColumn],
1,BC01
2,BC02
3,BC03
4,BC04
5,BC05
6,BC06
7,BC07
8,BC08
9,BC09
10,BC10
11,BC11
12,BC12